name,price,link
Подвесной светильник Ферум Orange,4990 руб.,/product/podvesnoj-svetilnik-ferum-orange
Светильник потолочный Ринга Black,3990 руб.,/product/svetilnik-potolochnyj-ringa-black
Торшер Бьйорк White,8990 руб.,/product/torsher-bjork-white
Подвесной светильник Тубули-5 Wood,12 490 руб.,/product/podvesnoj-svetilnik-tubuli-5-wood
Бра Смастен White,3690 руб.,/product/bra-smasten-white
Настольная лампа Арвика Wood,5690 руб.,/product/nastolnaya-lampa-arvika-wood
Подвесной светильник Инлада Wood,9490 руб.,/product/podvesnoj-svetilnik-inlada-wood
Настольная лампа Алней Orange,3990 руб.,/product/nastolnaya-lampa-alnej-orange
Подвесной светильник Намсен Black,10 490 руб.,/product/podvesnoj-svetilnik-namsen-black
Люстра Ливсден Brown,18 990 руб.,/product/lyustra-livsden-brown
Торшер Логмар Silver,17 990 руб.,/product/torsher-logmar-silver
Подвесной светильник Гронтри-1 Wood,13 290 руб.,/product/podvesnoj-svetilnik-grontri-1-wood
Бра Бракетт White,4290 руб.,/product/bra-brakett-white
Подвесной светильник Отра Wood,16 490 руб.,/product/podvesnoj-svetilnik-otra-wood
Подвесной светильник Кронор Orange,7690 руб.,/product/podvesnoj-svetilnik-kronor-orange
Светильник потолочный Орхус White,15 990 руб.,/product/svetilnik-potolochnyj-orhus-white
Подвесной светильник Рена Green,3690 руб.,/product/podvesnoj-svetilnik-rena-green
Светильник потолочный Ринга White,3990 руб.,/product/svetilnik-potolochnyj-ringa-white
Бра Берит Black,4990 руб.,/product/bra-berit-black
Подвесной светильник Кронор Black,7490 руб.,/product/podvesnoj-svetilnik-kronor-black
Настольная лампа Бьйорк White,3290 руб.,/product/nastolnaya-lampa-bjork-white
Подвесной светильник Селау-2 Glass,3690 руб.,/product/podvesnoj-svetilnik-selau-2-glass
Подвесной светильник Джамби Rattan,13 690 руб.,/product/podvesnoj-svetilnik-djambi-rattan
Бра Пинна Black,5990 руб.,/product/bra-pinna-black
Подвесной светильник Бьйорк White,7990 руб.,/product/podvesnoj-svetilnik-bjork-white
Торшер Осло Blue,17 990 руб.,/product/torsher-oslo-blue
Торшер Логмар Black,17 990 руб.,/product/torsher-logmar-black
Бра Бьйорк White,2490 руб.,/product/bra-bjork-white
Подвесной светильник Арвика Wood,7690 руб.,/product/podvesnoj-svetilnik-arvika-wood
Подвесной светильник Бенфлит Black,6490 руб.,/product/podvesnoj-svetilnik-benflit-black
Светильник потолочный Орхус Black,15 990 руб.,/product/svetilnik-potolochnyj-orhus-black
Настольная лампа Требен Orange,2990 руб.,/product/nastolnaya-lampa-treben-orange
Настольная лампа Сканди White,4690 руб.,/product/nastolnaya-lampa-skandi-white
Подвесной светильник Ливсден Brown,4690 руб.,/product/podvesnoj-svetilnik-livsden-brown
Подвесной светильник Бейла Black,5990 руб.,/product/podvesnoj-svetilnik-bejla-black
Светильник потолочный Лаго White,10 290 руб.,/product/svetilnik-potolochnyj-lago-white
Подвесной светильник Чинкве Silver,5290 руб.,/product/podvesnoj-svetilnik-chinkve-silver
Торшер Энкель Black,5290 руб.,/product/torsher-enkel-black
Люстра Малинг Multi,16 990 руб.,/product/lyustra-maling-multi
Подвесной светильник Джамби-1 Rattan,9690 руб.,/product/podvesnoj-svetilnik-djambi-1-rattan
Подвесной светильник Селау-1 Glass,3990 руб.,/product/podvesnoj-svetilnik-selau-1-glass
Подвесной светильник Ферум Black,2990 руб.,/product/podvesnoj-svetilnik-ferum-black
Бра Смастен Black,3690 руб.,/product/bra-smasten-black
Подвесной светильник Кронор White,7490 руб.,/product/podvesnoj-svetilnik-kronor-white
Подвесной светильник Тубули Wood,2690 руб.,/product/podvesnoj-svetilnik-tubuli-wood
Настольная лампа Требен White,2990 руб.,/product/nastolnaya-lampa-treben-white
Подвесной светильник Ферум Grey,2490 руб.,/product/podvesnoj-svetilnik-ferum-grey
Подвесной светильник Квина Black,6490 руб.,/product/podvesnoj-svetilnik-kvina-black
